family,stage,feature,top_fraction,buckets,selected_buckets,train_coverage,test_coverage,train_lift_vs_all,test_lift_vs_all,test_rr_vs_rest,test_rr_ci_low,test_rr_ci_high,p,p_bonferroni_all_rankings
character,charm,display_position_0,0.2,35,8,1.0,1.0,1.0006899051303826,0.9999179682180283,0.9998936650894074,0.9994975796471774,1.000289907494176,0.5988468964543359,1.0
character,charm,display_position_1,0.2,35,7,1.0,1.0,1.0006949227730664,0.9999693562028342,0.9999616955467203,0.99954587600238,1.0003776880755104,0.8567519106736872,1.0
character,charm,display_position_2,0.2,35,7,1.0,1.0,1.0006292648037725,0.9999951913044035,0.9999939891436822,0.9995781598642686,1.0004099914100584,0.9774021158238148,1.0
character,charm,display_position_3,0.2,35,8,1.0,1.0,1.000681697839408,1.0000563321850746,1.0000730272016596,0.9996769092686635,1.0004693020947848,0.7178891952604863,1.0
character,charm,display_position_4,0.2,35,7,1.0,1.0,1.0007034779599917,0.9997801948473941,0.9997259658852955,0.9993085880190121,1.0001435180763925,0.1982956059647408,1.0
character,charm,display_position_5,0.2,24,5,0.8626854300129495,0.9516082274798439,1.0005049137214073,0.9996627696281746,0.9995778777069003,0.999152657327148,1.000003279052364,0.05178547643011135,1.0
character,charm_soul,display_position_0,0.2,35,8,1.0,1.0,1.0055675166454114,1.0010526080728448,1.001364917641951,0.9980113879193118,1.0047297159350062,0.42548318724250533,1.0
character,charm_soul,display_position_1,0.2,35,7,1.0,1.0,1.0060232556827489,0.9985668695275106,0.998209228555389,0.9946969574333205,1.0017339014932494,0.31892174645069704,1.0
character,charm_soul,display_position_2,0.2,35,7,1.0,1.0,1.005521646856556,0.9990732078110123,0.9988417809357666,0.9953279393185082,1.0023680275930358,0.5192270634253255,1.0
character,charm_soul,display_position_3,0.2,35,7,1.0,1.0,1.0065142819853479,0.9997986901675555,0.999748376216956,0.9962322971520958,1.0032768648493695,0.888659568440222,1.0
character,charm_soul,display_position_4,0.2,35,8,1.0,1.0,1.0055451110616875,0.9984156038182037,0.9979390909864192,0.9946092303659,1.0012800996753592,0.2263535733696022,1.0
character,charm_soul,display_position_5,0.2,24,6,0.8626854300129495,0.9516082274798439,1.006349330436987,0.999066934731558,0.9988051658717323,0.9953226714237002,1.0022998450794696,0.5022864214096645,1.0
character,charm_soul_perkeo,display_position_0,0.2,35,8,1.0,1.0,1.0088423926108612,1.0008515214645646,1.0011041026886676,0.993613429854157,1.0086512463576374,0.7733660561553085,1.0
character,charm_soul_perkeo,display_position_1,0.2,35,7,1.0,1.0,1.0105034048184827,1.0041147626505467,1.0051487497906697,0.9972646240897349,1.0130952054254723,0.20116677610510703,1.0
character,charm_soul_perkeo,display_position_2,0.2,35,7,1.0,1.0,1.012475839312112,0.9985710936736522,0.9982145055502039,0.9903685639027292,1.0061226046636758,0.657126743066496,1.0
character,charm_soul_perkeo,display_position_3,0.2,35,7,1.0,1.0,1.0147174008938356,1.002078540473734,1.0025995783501798,0.9947297232638007,1.0105316961976205,0.5184591519363795,1.0
character,charm_soul_perkeo,display_position_4,0.2,35,7,1.0,1.0,1.0110792249936889,0.9991491987090182,0.9989354239541395,0.9910998048812044,1.0068329913050922,0.7909279301879122,1.0
character,charm_soul_perkeo,display_position_5,0.2,24,6,0.8626854300129495,0.9516082274798439,1.0131002018212476,1.000884558753899,1.0011299375235008,0.9933078222504895,1.0090136505066818,0.7778039611205325,1.0
bucket,charm,prefix2,0.1,1225,123,1.0,1.0,1.0050859677866308,1.0003391223121192,1.0003769877999225,0.9998234686213741,1.0009308134160477,0.18195037477630654,1.0
bucket,charm,prefix3,0.1,42875,4288,1.0,1.0,1.0309023235226522,1.0002524790294156,1.0002805437566955,0.999726081509286,1.0008353135167223,0.3214091622349902,1.0
bucket,charm,id_mod_4096,0.1,4096,410,1.0,1.0,1.0095049695201146,1.0001301181133362,1.0001445934644755,0.9995983596481511,1.000691125772068,0.6039525659009944,1.0
bucket,charm,seed_hash_256,0.1,256,26,1.0,1.0,1.0178913492135246,1.0001497415442546,1.0001666618505076,0.9959831305259401,1.0043677656959413,0.937888186070596,1.0
bucket,charm,tag_seed_hash_256,0.1,256,26,1.0,1.0,1.0178943127215712,1.000507720293087,1.0005651621660065,0.9963820727230096,1.0047658133835147,0.7915294764587468,1.0
bucket,charm_soul,prefix2,0.1,1225,123,1.0,1.0,1.0449698844019781,1.0000110700704128,1.000012305674201,0.9953345671135925,1.0047120280368036,0.9958956099698757,1.0
bucket,charm_soul,prefix3,0.1,42875,4288,1.0,1.0,1.2694945497590777,0.994761557185919,0.9941828188444316,0.9895132859839506,0.9988743873232757,0.01514521988656409,1.0
bucket,charm_soul,id_mod_4096,0.1,4096,410,1.0,1.0,1.0809669852361055,1.0006813328184825,1.000757175996376,0.9961384186614104,1.0053973489488097,0.7484439565669334,1.0
bucket,charm_soul,seed_hash_256,0.1,256,26,1.0,1.0,1.1569467978870855,0.98255205453762,0.9806182391286468,0.9461312092199134,1.0163623412281457,0.283940722195193,1.0
bucket,charm_soul,tag_seed_hash_256,0.1,256,26,1.0,1.0,1.1578745722989574,0.9967750029643633,0.99641182616792,0.9615879399960361,1.0324968586142855,0.8430075541695393,1.0
bucket,charm_soul_perkeo,prefix2,0.1,1225,123,1.0,1.0,1.0966572479803964,1.0060330044624628,1.0067108986582376,0.9962269104764785,1.0173052171342694,0.2104787026933713,1.0
bucket,charm_soul_perkeo,prefix3,0.1,42875,4288,1.0,1.0,1.6182825775330467,0.9978170602007411,0.997575067763796,0.9871302637004693,1.008130388073998,0.6511892977793678,1.0
bucket,charm_soul_perkeo,id_mod_4096,0.1,4096,410,1.0,1.0,1.1780627668048278,1.0011067759598427,1.0012300359389537,0.9909155069790321,1.011651929761889,0.816015880317811,1.0
bucket,charm_soul_perkeo,seed_hash_256,0.1,256,26,1.0,1.0,1.3978613947916834,0.9673145618982357,0.9637586856749721,0.8885998882488588,1.0452745003652577,0.372845366358795,1.0
bucket,charm_soul_perkeo,tag_seed_hash_256,0.1,256,26,1.0,1.0,1.3578828266725544,1.042083376630087,1.0470579062045675,0.9679549267153403,1.1326253203398442,0.2511960127942944,1.0
stride,charm,id_mod_2,0.5,2,1,1.0,1.0,1.0000451334130414,0.9999032716839984,0.9998065620789213,0.9994787343027814,1.0001344973821622,0.24759309337897495,1.0
stride,charm,id_mod_4,0.25,4,1,1.0,1.0,1.0001192581243048,0.9998747008735507,0.9998329414754967,0.9994543812432871,1.00021164509379,0.38719576212356677,1.0
stride,charm,id_mod_8,0.125,8,1,1.0,1.0,1.0002267622086838,0.999651653580648,0.9996019096169348,0.9991063443869227,1.000097720651509,0.11553546751544881,1.0
stride,charm,id_mod_16,0.1,16,2,1.0,1.0,1.0006498176342329,1.0000376369810071,1.0000430139238532,0.9995473178689848,1.0005389558045814,0.8649787538719832,1.0
stride,charm,id_mod_32,0.1,32,4,1.0,1.0,1.0007688732320044,1.0004626146633424,1.0005287374154885,1.0000328973185364,1.0010248233617547,0.036613830397712356,1.0
stride,charm,id_mod_64,0.1,64,7,1.0,1.0,1.000924139288084,1.0002324369874498,1.000260989330558,0.9997356785200204,1.0007865761655026,0.33023140235231413,1.0
stride,charm,id_mod_128,0.1,128,13,1.0,1.0,1.0016201355272365,1.0004710411200153,1.0005243171655327,0.9999814757447271,1.0010674532686052,0.058348562376066775,1.0
stride,charm,id_mod_256,0.1,256,26,1.0,1.0,1.00226216425641,1.0002441451607025,1.0002717516789486,0.9997289888145655,1.0008148092147178,0.32649587209085856,1.0
stride,charm,id_mod_512,0.1,512,52,1.0,1.0,1.0033227391486612,1.0000157774299998,1.0000175609967292,0.9994748771812899,1.0005605394726251,0.9494416125788636,1.0
stride,charm,id_mod_1024,0.1,1024,103,1.0,1.0,1.0048574633566068,0.9998721761167201,0.9998578829684686,0.9993129177225512,1.0004031454057,0.6093798848731812,1.0
stride,charm,id_mod_4096,0.1,4096,410,1.0,1.0,1.0095049695201146,1.0001301181133362,1.0001445934644755,0.9995983596481511,1.000691125772068,0.6039525659009944,1.0
stride,charm_soul,id_mod_2,0.5,2,1,1.0,1.0,1.0004531968505839,0.9998100254304584,0.9996201230278808,0.9968474175051902,1.002400540759863,0.7886161869849877,1.0
stride,charm_soul,id_mod_4,0.25,4,1,1.0,1.0,1.0012326954335886,1.0006855167006745,1.0009142311744788,0.9977098616038652,1.004128892298519,0.576460388686935,1.0
stride,charm_soul,id_mod_8,0.125,8,1,1.0,1.0,1.0043003345599861,1.000484485410154,1.000553735936888,0.9963617333630183,1.0047633755646417,0.7960736601359213,1.0
stride,charm_soul,id_mod_16,0.1,16,2,1.0,1.0,1.0048361139477877,0.9995718033511917,0.9995106623346116,0.9953213934619248,1.003717563676371,0.8193301994072134,1.0
stride,charm_soul,id_mod_32,0.1,32,4,1.0,1.0,1.006612645602077,0.9991094313829949,0.9989823367661281,0.994794452754751,1.0031878509245615,0.6347565195601483,1.0
stride,charm_soul,id_mod_64,0.1,64,7,1.0,1.0,1.009304778766562,0.9976022710792078,0.997308605643998,0.992876034073433,1.001760965879063,0.2356856163120747,1.0
stride,charm_soul,id_mod_128,0.1,128,13,1.0,1.0,1.0146453080026507,0.9986343789795498,0.9984802390418259,0.9938973903392523,1.0030842192036777,0.5169924300080955,1.0
stride,charm_soul,id_mod_256,0.1,256,26,1.0,1.0,1.0192364632424817,0.9993667514348609,0.9992952172660582,0.9947101171540732,1.00390145232246,0.7638133155341066,1.0
stride,charm_soul,id_mod_512,0.1,512,52,1.0,1.0,1.0291427302351057,0.9994311601722511,0.9993668972559894,0.994781598987161,1.0039733307772545,0.7872256378988531,1.0
stride,charm_soul,id_mod_1024,0.1,1024,103,1.0,1.0,1.0403457968774021,0.9977272481511826,0.9974737171407214,0.992874003335661,1.002094740162276,0.2834314056837459,1.0
stride,charm_soul,id_mod_4096,0.1,4096,410,1.0,1.0,1.0809669852361055,1.0006813328184825,1.000757175996376,0.9961384186614104,1.0053973489488097,0.7484439565669334,1.0
stride,charm_soul_perkeo,id_mod_2,0.5,2,1,1.0,1.0,1.0004639692569934,0.9982076416894488,0.996421696980053,0.990244243246067,1.002637687605211,0.25856711132543375,1.0
stride,charm_soul_perkeo,id_mod_4,0.25,4,1,1.0,1.0,1.004241284186213,1.003025863327644,1.0040385578115183,0.9968615857518185,1.011267200964459,0.270817133128603,1.0
stride,charm_soul_perkeo,id_mod_8,0.125,8,1,1.0,1.0,1.011029356141793,1.0009817692993188,1.0011221794451253,0.9917575293553809,1.010575255050893,0.8150622286988569,1.0
stride,charm_soul_perkeo,id_mod_16,0.1,16,2,1.0,1.0,1.0135912733434531,0.9988873281274386,0.9987285770994299,0.989377964672803,1.0081675621762216,0.7909422660802528,1.0
stride,charm_soul_perkeo,id_mod_32,0.1,32,4,1.0,1.0,1.0163347437326327,0.9979206629711863,0.9976243205154017,0.9882801864553794,1.0070568028419666,0.6203253786020447,1.0
stride,charm_soul_perkeo,id_mod_64,0.1,64,7,1.0,1.0,1.0225306064813047,0.9948595566430538,0.9942319154164913,0.9843536116774341,1.0042093510971632,0.25617053973607046,1.0
stride,charm_soul_perkeo,id_mod_128,0.1,128,13,1.0,1.0,1.0307007215963335,0.997251433247627,0.9969416759460681,0.9867196090277043,1.0072696398701542,0.5602264830104506,1.0
stride,charm_soul_perkeo,id_mod_256,0.1,256,26,1.0,1.0,1.0438346205635365,0.9917488777428058,0.9908247003115854,0.9806404984849774,1.0011146676730713,0.08034903068438971,1.0
stride,charm_soul_perkeo,id_mod_512,0.1,512,52,1.0,1.0,1.0591284535144907,0.9913026465096193,0.9903289756829268,0.9801478453727184,1.0006158608696907,0.06529476718987776,1.0
stride,charm_soul_perkeo,id_mod_1024,0.1,1024,103,1.0,1.0,1.089115413779613,0.9924678960148713,0.9916325917366439,0.9813997463300984,1.0019721328352411,0.1123480896001734,1.0
stride,charm_soul_perkeo,id_mod_4096,0.1,4096,410,1.0,1.0,1.1780627668048278,1.0011067759598427,1.0012300359389537,0.9909155069790321,1.011651929761889,0.816015880317811,1.0
intermediate,charm,seed_hash_16,0.125,16,2,1.0,1.0,1.0041536659914625,1.0020903477147716,1.0023894613472515,0.9985623367231606,1.0062312539418332,0.22141789012408541,1.0
intermediate,charm_soul,seed_hash_16,0.125,16,2,1.0,1.0,1.0229876902299926,1.0038840925346284,1.0044415706027867,0.9724321251701291,1.0375046675658552,0.7885436502072465,1.0
intermediate,charm_soul_perkeo,seed_hash_16,0.125,16,3,1.0,1.0,1.0589772901280972,1.0014304280056578,1.001761020566427,0.9416774459449696,1.0656782177885291,0.9555368633150505,1.0
intermediate,charm,tag_seed_hash_16,0.125,16,3,1.0,1.0,1.0036460139444545,0.9979039536892416,0.9974216049894302,0.9941887283519867,1.0006649942097012,0.11905593702839545,1.0
intermediate,charm_soul,tag_seed_hash_16,0.125,16,2,1.0,1.0,1.0292318695771359,0.9890878692338209,0.9875481505120809,0.955878008043326,1.0202675878862018,0.4511712476033248,1.0
intermediate,charm_soul_perkeo,tag_seed_hash_16,0.125,16,3,1.0,1.0,1.0708787471473273,1.0122143102252508,1.0150738553932617,0.9544283393629067,1.0795728599076688,0.6340628967675199,1.0
balanced_suffix,charm,rightmost_character,0.2,35,7,1.0,1.0,1.001077049420221,1.0001479535753226,1.0001849488101127,0.9994921103785126,1.0008782675107286,0.6009223535771442,1.0
balanced_suffix,charm,rightmost_pair,0.1,1225,123,1.0,1.0,1.006777373441008,1.0002628713302193,1.0002922203520235,0.9995951430929657,1.0009897837245927,0.41137605942048183,1.0
balanced_suffix,charm_soul,rightmost_character,0.2,35,7,1.0,1.0,1.0079097651918623,1.0004878713741472,1.0006099136075313,0.9947579015757313,1.0064963521513157,0.838555903491514,1.0
balanced_suffix,charm_soul,rightmost_pair,0.1,1225,123,1.0,1.0,1.0538680610293283,1.0010383756341381,1.0011544079791659,0.9952608875867349,1.007082827344368,0.7017127499125746,1.0
balanced_suffix,charm_soul_perkeo,rightmost_character,0.2,35,7,1.0,1.0,1.0221596095653613,1.0005005720823799,1.0006257934166531,0.9876035517418212,1.013819742430871,0.9254235072331123,1.0
balanced_suffix,charm_soul_perkeo,rightmost_pair,0.1,1225,123,1.0,1.0,1.1239795853370647,0.9974613527453658,0.99717880040185,0.9840874466461811,1.0104443089480715,0.6752080892777376,1.0
balanced_suffix,charm,second_rightmost_character,0.2,35,7,1.0,1.0,1.0009997590132302,1.000364443803968,1.000455596264769,0.9999317214749234,1.00097974551815,0.08829309332918013,1.0
balanced_suffix,charm_soul,second_rightmost_character,0.2,35,7,1.0,1.0,1.008571975903753,0.9989119188004008,0.9986402683751053,0.9942161611127565,1.0030840622265826,0.5480702874677483,1.0
balanced_suffix,charm_soul_perkeo,second_rightmost_character,0.2,35,7,1.0,1.0,1.0193749511616335,0.9981108570398236,0.9976396860424038,0.9877868067954445,1.0075908448257846,0.6407465634169882,1.0
